{"payload":{"installed_packages":["absl-py==2.1.0","accelerate==0.28.0","aiohttp==3.9.3","aiosignal==1.3.1","anyio==4.3.0","argon2-cffi==23.1.0","argon2-cffi-bindings==21.2.0","arrow==1.3.0","asttokens==2.4.1","astunparse==1.6.3","async-lru==2.0.4","attrs==23.2.0","babel==2.14.0","beautifulsoup4==4.12.3","bleach==6.1.0","cachetools==5.3.2","certifi==2024.2.2","cffi==1.16.0","charset-normalizer==3.3.2","click==8.1.7","colorama==0.4.6","comet-ml==3.39.2","comm==0.2.1","configobj==5.0.8","contourpy==1.2.0","cycler==0.12.1","datasets==2.17.1","debugpy==1.8.1","decorator==5.1.1","defusedxml==0.7.1","dill==0.3.8","dulwich==0.21.7","entrypoints==0.4","evaluate==0.4.1","everett==3.1.0","executing==2.0.1","fastjsonschema==2.19.1","filelock==3.13.1","flatbuffers==23.5.26","fonttools==4.49.0","fqdn==1.5.1","frozenlist==1.4.1","fsspec==2023.10.0","gast==0.4.0","gitdb==4.0.11","gitpython==3.1.42","google-auth==2.28.0","google-auth-oauthlib==1.0.0","google-pasta==0.2.0","grpcio==1.60.1","h11==0.14.0","h5py==3.10.0","httpcore==1.0.3","httpx==0.26.0","huggingface-hub==0.21.3","idna==3.6","imageio==2.34.0","ipykernel==6.29.2","ipython==8.21.0","ipython-genutils==0.2.0","ipywidgets==8.1.2","isoduration==20.11.0","jedi==0.19.1","jinja2==3.1.3","joblib==1.3.2","json5==0.9.14","jsonpointer==2.4","jsonschema==4.21.1","jsonschema-specifications==2023.12.1","jupyter-contrib-core==0.4.2","jupyter-contrib-nbextensions==0.7.0","jupyter-events==0.9.0","jupyter-highlight-selected-word==0.2.0","jupyter-lsp==2.2.2","jupyter-nbextensions-configurator==0.6.3","jupyter_client==7.4.9","jupyter_core==5.7.1","jupyter_server==2.12.5","jupyter_server_terminals==0.5.2","jupyterlab==4.1.1","jupyterlab_pygments==0.3.0","jupyterlab_server==2.25.3","jupyterlab_widgets==3.0.10","keras==2.13.1","kiwisolver==1.4.5","lazy_loader==0.3","libclang==16.0.6","lightning-utilities==0.11.2","lxml==5.1.0","markdown==3.5.2","markdown-it-py==3.0.0","markupsafe==2.1.5","matplotlib==3.8.3","matplotlib-inline==0.1.6","mdurl==0.1.2","mistune==3.0.2","ml-dtypes==0.2.0","mpmath==1.3.0","multidict==6.0.5","multiprocess==0.70.16","nbclient==0.9.0","nbconvert==7.16.1","nbformat==5.9.2","nest-asyncio==1.6.0","networkx==3.2.1","nltk==3.8.1","notebook==7.1.0","notebook_shim==0.2.4","numpy==1.24.3","oauthlib==3.2.2","opencv-python==4.9.0.80","opt-einsum==3.3.0","overrides==7.7.0","packaging==23.2","pandas==2.2.1","pandocfilters==1.5.1","parso==0.8.3","pickleshare==0.7.5","pillow==10.2.0","pip==24.0","platformdirs==4.2.0","prometheus_client==0.20.0","prompt-toolkit==3.0.43","protobuf==4.25.3","psutil==5.9.8","pure-eval==0.2.2","py-cpuinfo==9.0.0","pyarrow==15.0.0","pyarrow-hotfix==0.6","pyasn1==0.5.1","pyasn1-modules==0.3.0","pycocotools==2.0.7","pycparser==2.21","pygments==2.17.2","pyparsing==3.1.1","pyproject-toml==0.0.10","python-box==6.1.0","python-dateutil==2.8.2","python-json-logger==2.0.7","pytorch-lightning==2.2.1","pytz==2024.1","pywin32==306","pywinpty==2.0.12","pyyaml==6.0.1","pyzmq==24.0.1","referencing==0.33.0","regex==2023.12.25","requests==2.31.0","requests-oauthlib==1.3.1","requests-toolbelt==1.0.0","responses==0.18.0","rfc3339-validator==0.1.4","rfc3986-validator==0.1.1","rich==13.7.1","rpds-py==0.18.0","rsa==4.9","safetensors==0.4.2","scikit-image==0.22.0","scikit-learn==1.4.1.post1","scipy==1.12.0","seaborn==0.13.2","semantic-version==2.10.0","send2trash==1.8.2","sentry-sdk==1.44.0","setuptools==69.2.0","simplejson==3.19.2","six==1.16.0","smmap==5.0.1","sniffio==1.3.0","sounddevice==0.4.6","soupsieve==2.5","stack-data==0.6.3","sympy==1.12","tensorboard==2.13.0","tensorboard-data-server==0.7.2","tensorflow==2.13.1","tensorflow-estimator==2.13.0","tensorflow-intel==2.13.1","tensorflow-io-gcs-filesystem==0.31.0","termcolor==2.4.0","terminado==0.18.0","thop==0.1.1-2209072238","threadpoolctl==3.3.0","tifffile==2024.2.12","tinycss2==1.2.1","tokenizers==0.15.2","toml==0.10.2","torch==2.2.0+cu118","torch-tb-profiler==0.4.3","torchaudio==2.2.0+cu118","torchmetrics==1.3.2","torchvision==0.17.0","tornado==6.4","tqdm==4.66.2","traitlets==5.14.1","transformers==4.40.0.dev0","types-python-dateutil==2.8.19.20240106","typing_extensions==4.10.0","typing_extensions==4.5.0","tzdata==2024.1","ultralytics==8.1.37","uri-template==1.3.0","urllib3==2.2.1","utils==1.0.2","wcwidth==0.2.13","webcolors==1.13","webencodings==0.5.1","websocket-client==1.3.3","werkzeug==3.0.1","wheel==0.42.0","widgetsnbextension==4.0.10","wrapt==1.14.1","wurlitzer==3.0.3","xxhash==3.4.1","yarl==1.9.4"],"local_timestamp":1712274645987,"message_id":1},"type":"ws_msg"}
{"payload":{"env_details":{"command":["yolov5/train.py","--img","896","--batch","8","--epochs","50","--data","datasets/carsnumber/dataset.yaml","--weights","datasets/carsnumber/yolov5n-seg.pt","--nosave","--cache"],"env":null,"hostname":"LittleComp","ip":"192.168.0.106","machine":"AMD64","os":"Windows-10-10.0.22631-SP0","os_release":"10","os_type":"Windows","pid":33020,"processor":"Intel64 Family 6 Model 186 Stepping 2, GenuineIntel","python_exe":"e:\\image_recognition\\.venv\\Scripts\\python.exe","python_version":"3.11.7","python_version_verbose":"3.11.7 (tags/v3.11.7:fa7a6f2, Dec  4 2023, 19:24:49) [MSC v.1937 64 bit (AMD64)]","user":"marin"},"local_timestamp":1712274646001,"message_id":2},"type":"ws_msg"}
{"payload":{"gpu_static_info":[{"gpu_index":0,"name":"NVIDIA GeForce RTX 4070 Laptop GPU","power_limit":69250,"total_memory":8585740288,"uuid":"GPU-a4355321-fde0-c15b-d087-058c1e78f3a5"}],"local_timestamp":1712274646026,"message_id":3},"type":"ws_msg"}
{"payload":{"local_timestamp":1712274646026,"message_id":4,"metric":{"epoch":null,"metricName":"sys.gpu.0.total_memory","metricValue":8585740288,"step":null}},"type":"metric_msg"}
{"payload":{"local_timestamp":1712274646029,"message_id":5,"param":{"paramName":"img","paramValue":896,"source":"cli","step":null}},"type":"parameter_msg"}
{"payload":{"local_timestamp":1712274646029,"message_id":6,"param":{"paramName":"batch","paramValue":8,"source":"cli","step":null}},"type":"parameter_msg"}
{"payload":{"local_timestamp":1712274646029,"message_id":7,"param":{"paramName":"epochs","paramValue":50,"source":"cli","step":null}},"type":"parameter_msg"}
{"payload":{"local_timestamp":1712274646029,"message_id":8,"param":{"paramName":"data","paramValue":"datasets/carsnumber/dataset.yaml","source":"cli","step":null}},"type":"parameter_msg"}
{"payload":{"local_timestamp":1712274646029,"message_id":9,"param":{"paramName":"weights","paramValue":"datasets/carsnumber/yolov5n-seg.pt","source":"cli","step":null}},"type":"parameter_msg"}
{"payload":{"local_timestamp":1712274646029,"message_id":10,"param":{"paramName":"nosave","paramValue":true,"source":"cli","step":null}},"type":"parameter_msg"}
{"payload":{"local_timestamp":1712274646030,"message_id":11,"param":{"paramName":"cache","paramValue":true,"source":"cli","step":null}},"type":"parameter_msg"}
{"payload":{"local_timestamp":1712274646031,"log_other":{"key":"offline_experiment","val":true},"message_id":12},"type":"ws_msg"}
{"payload":{"local_timestamp":1712274646031,"log_other":{"key":"Name","val":"exp"},"message_id":13},"type":"ws_msg"}
{"payload":{"additional_params":{"assetId":"150c84b3533d4c44b71d404fa58f7013","context":null,"extension":"yaml","fileName":"dataset.yaml","overwrite":false,"runId":null,"step":null},"clean":true,"file_path":"tmpqlwcvp92","local_timestamp":1712274646038,"message_id":14,"metadata":{"type":"data-config-file"},"upload_type":"asset"},"type":"file_upload"}
{"payload":{"local_timestamp":1712274646043,"message_id":15,"metric":{"epoch":null,"metricName":"sys.gpu.0.gpu_utilization","metricValue":36,"step":null}},"type":"metric_msg"}
{"payload":{"local_timestamp":1712274646043,"message_id":16,"metric":{"epoch":null,"metricName":"sys.gpu.0.power_usage","metricValue":6648,"step":null}},"type":"metric_msg"}
{"payload":{"local_timestamp":1712274646043,"message_id":17,"metric":{"epoch":null,"metricName":"sys.gpu.0.temperature","metricValue":46,"step":null}},"type":"metric_msg"}
{"payload":{"local_timestamp":1712274646043,"message_id":18,"metric":{"epoch":null,"metricName":"sys.gpu.0.memory_utilization","metricValue":1,"step":null}},"type":"metric_msg"}
{"payload":{"local_timestamp":1712274646043,"message_id":19,"metric":{"epoch":null,"metricName":"sys.gpu.0.free_memory","metricValue":8133799936,"step":null}},"type":"metric_msg"}
{"payload":{"local_timestamp":1712274646043,"message_id":20,"metric":{"epoch":null,"metricName":"sys.gpu.0.used_memory","metricValue":451940352,"step":null}},"type":"metric_msg"}
{"payload":{"local_timestamp":1712274646043,"message_id":21,"metric":{"epoch":null,"metricName":"sys.gpu.0.percent.used_memory","metricValue":5.263848390937958,"step":null}},"type":"metric_msg"}
{"payload":{"local_timestamp":1712274646051,"message_id":22,"stderr":true,"stdout":"\nDataset not found , missing paths ['E:\\\\image_recognition\\\\lecture7\\\\yolov5\\\\carsnumber\\\\val']\n"},"type":"ws_msg"}
{"payload":{"local_timestamp":1712274646052,"message_id":23,"stderr":true,"stdout":"Traceback (most recent call last):\n"},"type":"ws_msg"}
{"payload":{"local_timestamp":1712274646052,"message_id":24,"stderr":true,"stdout":"  File \"e:\\image_recognition\\lecture7\\yolov5\\train.py\", line 848, in <module>\n"},"type":"ws_msg"}
{"payload":{"local_timestamp":1712274646055,"message_id":25,"stderr":true,"stdout":"    "},"type":"ws_msg"}
{"payload":{"local_timestamp":1712274646055,"message_id":26,"stderr":true,"stdout":"main(opt)"},"type":"ws_msg"}
{"payload":{"local_timestamp":1712274646056,"message_id":27,"stderr":true,"stdout":"\n"},"type":"ws_msg"}
{"payload":{"local_timestamp":1712274646056,"message_id":28,"stderr":true,"stdout":"  File \"e:\\image_recognition\\lecture7\\yolov5\\train.py\", line 623, in main\n"},"type":"ws_msg"}
{"payload":{"local_timestamp":1712274646057,"message_id":29,"stderr":true,"stdout":"    "},"type":"ws_msg"}
{"payload":{"local_timestamp":1712274646057,"message_id":30,"stderr":true,"stdout":"train(opt.hyp, opt, device, callbacks)"},"type":"ws_msg"}
{"payload":{"local_timestamp":1712274646057,"message_id":31,"stderr":true,"stdout":"\n"},"type":"ws_msg"}
{"payload":{"local_timestamp":1712274646058,"message_id":32,"stderr":true,"stdout":"  File \"e:\\image_recognition\\lecture7\\yolov5\\train.py\", line 153, in train\n"},"type":"ws_msg"}
{"payload":{"local_timestamp":1712274646059,"message_id":33,"stderr":true,"stdout":"    "},"type":"ws_msg"}
{"payload":{"local_timestamp":1712274646059,"message_id":34,"stderr":true,"stdout":"loggers = Loggers("},"type":"ws_msg"}
{"payload":{"local_timestamp":1712274646059,"message_id":35,"stderr":true,"stdout":"\n"},"type":"ws_msg"}
{"payload":{"local_timestamp":1712274646059,"message_id":36,"stderr":true,"stdout":" "},"type":"ws_msg"}
{"payload":{"local_timestamp":1712274646059,"message_id":37,"stderr":true,"stdout":" "},"type":"ws_msg"}
{"payload":{"local_timestamp":1712274646059,"message_id":38,"stderr":true,"stdout":" "},"type":"ws_msg"}
{"payload":{"local_timestamp":1712274646060,"message_id":39,"stderr":true,"stdout":" "},"type":"ws_msg"}
{"payload":{"local_timestamp":1712274646060,"message_id":40,"stderr":true,"stdout":" "},"type":"ws_msg"}
{"payload":{"local_timestamp":1712274646060,"message_id":41,"stderr":true,"stdout":" "},"type":"ws_msg"}
{"payload":{"local_timestamp":1712274646060,"message_id":42,"stderr":true,"stdout":" "},"type":"ws_msg"}
{"payload":{"local_timestamp":1712274646061,"message_id":43,"stderr":true,"stdout":" "},"type":"ws_msg"}
{"payload":{"local_timestamp":1712274646061,"message_id":44,"stderr":true,"stdout":" "},"type":"ws_msg"}
{"payload":{"local_timestamp":1712274646061,"message_id":45,"stderr":true,"stdout":" "},"type":"ws_msg"}
{"payload":{"local_timestamp":1712274646061,"message_id":46,"stderr":true,"stdout":" "},"type":"ws_msg"}
{"payload":{"local_timestamp":1712274646061,"message_id":47,"stderr":true,"stdout":" "},"type":"ws_msg"}
{"payload":{"local_timestamp":1712274646061,"message_id":48,"stderr":true,"stdout":" "},"type":"ws_msg"}
{"payload":{"local_timestamp":1712274646061,"message_id":49,"stderr":true,"stdout":" "},"type":"ws_msg"}
{"payload":{"local_timestamp":1712274646061,"message_id":50,"stderr":true,"stdout":"^"},"type":"ws_msg"}
{"payload":{"local_timestamp":1712274646061,"message_id":51,"stderr":true,"stdout":"^"},"type":"ws_msg"}
{"payload":{"local_timestamp":1712274646061,"message_id":52,"stderr":true,"stdout":"^"},"type":"ws_msg"}
{"payload":{"local_timestamp":1712274646061,"message_id":53,"stderr":true,"stdout":"^"},"type":"ws_msg"}
{"payload":{"local_timestamp":1712274646061,"message_id":54,"stderr":true,"stdout":"^"},"type":"ws_msg"}
{"payload":{"local_timestamp":1712274646061,"message_id":55,"stderr":true,"stdout":"^"},"type":"ws_msg"}
{"payload":{"local_timestamp":1712274646061,"message_id":56,"stderr":true,"stdout":"^"},"type":"ws_msg"}
{"payload":{"local_timestamp":1712274646061,"message_id":57,"stderr":true,"stdout":"^"},"type":"ws_msg"}
{"payload":{"local_timestamp":1712274646061,"message_id":58,"stderr":true,"stdout":"\n"},"type":"ws_msg"}
{"payload":{"local_timestamp":1712274646062,"message_id":59,"stderr":true,"stdout":"  File \"e:\\image_recognition\\lecture7\\yolov5\\utils\\loggers\\__init__.py\", line 148, in __init__\n"},"type":"ws_msg"}
{"payload":{"local_timestamp":1712274646063,"message_id":60,"stderr":true,"stdout":"    "},"type":"ws_msg"}
{"payload":{"local_timestamp":1712274646063,"message_id":61,"stderr":true,"stdout":"self.comet_logger = CometLogger(self.opt, self.hyp)"},"type":"ws_msg"}
{"payload":{"local_timestamp":1712274646063,"message_id":62,"stderr":true,"stdout":"\n"},"type":"ws_msg"}
{"payload":{"local_timestamp":1712274646064,"message_id":63,"stderr":true,"stdout":" "},"type":"ws_msg"}
{"payload":{"local_timestamp":1712274646064,"message_id":64,"stderr":true,"stdout":" "},"type":"ws_msg"}
{"payload":{"local_timestamp":1712274646064,"message_id":65,"stderr":true,"stdout":" "},"type":"ws_msg"}
{"payload":{"local_timestamp":1712274646065,"message_id":66,"stderr":true,"stdout":" "},"type":"ws_msg"}
{"payload":{"local_timestamp":1712274646065,"message_id":67,"stderr":true,"stdout":" "},"type":"ws_msg"}
{"payload":{"local_timestamp":1712274646065,"message_id":68,"stderr":true,"stdout":" "},"type":"ws_msg"}
{"payload":{"local_timestamp":1712274646065,"message_id":69,"stderr":true,"stdout":" "},"type":"ws_msg"}
{"payload":{"local_timestamp":1712274646068,"message_id":70,"stderr":true,"stdout":" "},"type":"ws_msg"}
{"payload":{"local_timestamp":1712274646068,"message_id":71,"stderr":true,"stdout":" "},"type":"ws_msg"}
{"payload":{"local_timestamp":1712274646069,"message_id":72,"stderr":true,"stdout":" "},"type":"ws_msg"}
{"payload":{"local_timestamp":1712274646069,"message_id":73,"stderr":true,"stdout":" "},"type":"ws_msg"}
{"payload":{"local_timestamp":1712274646069,"message_id":74,"stderr":true,"stdout":" "},"type":"ws_msg"}
{"payload":{"local_timestamp":1712274646069,"message_id":75,"stderr":true,"stdout":" "},"type":"ws_msg"}
{"payload":{"local_timestamp":1712274646069,"message_id":76,"stderr":true,"stdout":" "},"type":"ws_msg"}
{"payload":{"local_timestamp":1712274646069,"message_id":77,"stderr":true,"stdout":" "},"type":"ws_msg"}
{"payload":{"local_timestamp":1712274646069,"message_id":78,"stderr":true,"stdout":" "},"type":"ws_msg"}
{"payload":{"local_timestamp":1712274646069,"message_id":79,"stderr":true,"stdout":" "},"type":"ws_msg"}
{"payload":{"local_timestamp":1712274646069,"message_id":80,"stderr":true,"stdout":" "},"type":"ws_msg"}
{"payload":{"local_timestamp":1712274646069,"message_id":81,"stderr":true,"stdout":" "},"type":"ws_msg"}
{"payload":{"local_timestamp":1712274646069,"message_id":82,"stderr":true,"stdout":" "},"type":"ws_msg"}
{"payload":{"local_timestamp":1712274646069,"message_id":83,"stderr":true,"stdout":" "},"type":"ws_msg"}
{"payload":{"local_timestamp":1712274646069,"message_id":84,"stderr":true,"stdout":" "},"type":"ws_msg"}
{"payload":{"local_timestamp":1712274646069,"message_id":85,"stderr":true,"stdout":" "},"type":"ws_msg"}
{"payload":{"local_timestamp":1712274646069,"message_id":86,"stderr":true,"stdout":" "},"type":"ws_msg"}
{"payload":{"local_timestamp":1712274646069,"message_id":87,"stderr":true,"stdout":"^"},"type":"ws_msg"}
{"payload":{"local_timestamp":1712274646069,"message_id":88,"stderr":true,"stdout":"^"},"type":"ws_msg"}
{"payload":{"local_timestamp":1712274646069,"message_id":89,"stderr":true,"stdout":"^"},"type":"ws_msg"}
{"payload":{"local_timestamp":1712274646069,"message_id":90,"stderr":true,"stdout":"^"},"type":"ws_msg"}
{"payload":{"local_timestamp":1712274646069,"message_id":91,"stderr":true,"stdout":"^"},"type":"ws_msg"}
{"payload":{"local_timestamp":1712274646069,"message_id":92,"stderr":true,"stdout":"^"},"type":"ws_msg"}
{"payload":{"local_timestamp":1712274646069,"message_id":93,"stderr":true,"stdout":"^"},"type":"ws_msg"}
{"payload":{"local_timestamp":1712274646069,"message_id":94,"stderr":true,"stdout":"^"},"type":"ws_msg"}
{"payload":{"local_timestamp":1712274646069,"message_id":95,"stderr":true,"stdout":"^"},"type":"ws_msg"}
{"payload":{"local_timestamp":1712274646069,"message_id":96,"stderr":true,"stdout":"^"},"type":"ws_msg"}
{"payload":{"local_timestamp":1712274646069,"message_id":97,"stderr":true,"stdout":"^"},"type":"ws_msg"}
{"payload":{"local_timestamp":1712274646071,"message_id":98,"stderr":true,"stdout":"^"},"type":"ws_msg"}
{"payload":{"local_timestamp":1712274646073,"message_id":99,"stderr":true,"stdout":"^"},"type":"ws_msg"}
{"payload":{"local_timestamp":1712274646073,"message_id":100,"stderr":true,"stdout":"^"},"type":"ws_msg"}
{"payload":{"local_timestamp":1712274646074,"message_id":101,"stderr":true,"stdout":"^"},"type":"ws_msg"}
{"payload":{"local_timestamp":1712274646074,"message_id":102,"stderr":true,"stdout":"^"},"type":"ws_msg"}
{"payload":{"local_timestamp":1712274646075,"message_id":103,"stderr":true,"stdout":"^"},"type":"ws_msg"}
{"payload":{"local_timestamp":1712274646075,"message_id":104,"stderr":true,"stdout":"^"},"type":"ws_msg"}
{"payload":{"local_timestamp":1712274646075,"message_id":105,"stderr":true,"stdout":"^"},"type":"ws_msg"}
{"payload":{"local_timestamp":1712274646075,"message_id":106,"stderr":true,"stdout":"^"},"type":"ws_msg"}
{"payload":{"local_timestamp":1712274646075,"message_id":107,"stderr":true,"stdout":"^"},"type":"ws_msg"}
{"payload":{"local_timestamp":1712274646075,"message_id":108,"stderr":true,"stdout":"^"},"type":"ws_msg"}
{"payload":{"local_timestamp":1712274646075,"message_id":109,"stderr":true,"stdout":"^"},"type":"ws_msg"}
{"payload":{"local_timestamp":1712274646075,"message_id":110,"stderr":true,"stdout":"^"},"type":"ws_msg"}
{"payload":{"local_timestamp":1712274646075,"message_id":111,"stderr":true,"stdout":"^"},"type":"ws_msg"}
{"payload":{"local_timestamp":1712274646075,"message_id":112,"stderr":true,"stdout":"^"},"type":"ws_msg"}
{"payload":{"local_timestamp":1712274646075,"message_id":113,"stderr":true,"stdout":"^"},"type":"ws_msg"}
{"payload":{"local_timestamp":1712274646091,"message_id":114,"stderr":true,"stdout":"^"},"type":"ws_msg"}
{"payload":{"local_timestamp":1712274646091,"message_id":115,"stderr":true,"stdout":"^"},"type":"ws_msg"}
{"payload":{"local_timestamp":1712274646091,"message_id":116,"stderr":true,"stdout":"^"},"type":"ws_msg"}
{"payload":{"local_timestamp":1712274646091,"message_id":117,"stderr":true,"stdout":"^"},"type":"ws_msg"}
{"payload":{"local_timestamp":1712274646091,"message_id":118,"stderr":true,"stdout":"\n"},"type":"ws_msg"}
{"payload":{"local_timestamp":1712274646091,"message_id":119,"stderr":true,"stdout":"  File \"e:\\image_recognition\\lecture7\\yolov5\\utils\\loggers\\comet\\__init__.py\", line 97, in __init__\n"},"type":"ws_msg"}
{"payload":{"local_timestamp":1712274646091,"message_id":120,"stderr":true,"stdout":"    "},"type":"ws_msg"}
{"payload":{"local_timestamp":1712274646091,"message_id":121,"stderr":true,"stdout":"self.data_dict = self.check_dataset(self.opt.data)"},"type":"ws_msg"}
{"payload":{"local_timestamp":1712274646091,"message_id":122,"stderr":true,"stdout":"\n"},"type":"ws_msg"}
{"payload":{"local_timestamp":1712274646094,"message_id":123,"stderr":true,"stdout":" "},"type":"ws_msg"}
{"payload":{"local_timestamp":1712274646094,"message_id":124,"stderr":true,"stdout":" "},"type":"ws_msg"}
{"payload":{"local_timestamp":1712274646097,"message_id":125,"stderr":true,"stdout":" "},"type":"ws_msg"}
{"payload":{"local_timestamp":1712274646097,"message_id":126,"stderr":true,"stdout":" "},"type":"ws_msg"}
{"payload":{"local_timestamp":1712274646097,"message_id":127,"stderr":true,"stdout":" "},"type":"ws_msg"}
{"payload":{"local_timestamp":1712274646097,"message_id":128,"stderr":true,"stdout":" "},"type":"ws_msg"}
{"payload":{"local_timestamp":1712274646097,"message_id":129,"stderr":true,"stdout":" "},"type":"ws_msg"}
{"payload":{"local_timestamp":1712274646097,"message_id":130,"stderr":true,"stdout":" "},"type":"ws_msg"}
{"payload":{"local_timestamp":1712274646097,"message_id":131,"stderr":true,"stdout":" "},"type":"ws_msg"}
{"payload":{"local_timestamp":1712274646097,"message_id":132,"stderr":true,"stdout":" "},"type":"ws_msg"}
{"payload":{"local_timestamp":1712274646097,"message_id":133,"stderr":true,"stdout":" "},"type":"ws_msg"}
{"payload":{"local_timestamp":1712274646098,"message_id":134,"stderr":true,"stdout":" "},"type":"ws_msg"}
{"payload":{"local_timestamp":1712274646098,"message_id":135,"stderr":true,"stdout":" "},"type":"ws_msg"}
{"payload":{"local_timestamp":1712274646098,"message_id":136,"stderr":true,"stdout":" "},"type":"ws_msg"}
{"payload":{"local_timestamp":1712274646099,"message_id":137,"stderr":true,"stdout":" "},"type":"ws_msg"}
{"payload":{"local_timestamp":1712274646099,"message_id":138,"stderr":true,"stdout":" "},"type":"ws_msg"}
{"payload":{"local_timestamp":1712274646099,"message_id":139,"stderr":true,"stdout":" "},"type":"ws_msg"}
{"payload":{"local_timestamp":1712274646099,"message_id":140,"stderr":true,"stdout":" "},"type":"ws_msg"}
{"payload":{"local_timestamp":1712274646099,"message_id":141,"stderr":true,"stdout":" "},"type":"ws_msg"}
{"payload":{"local_timestamp":1712274646099,"message_id":142,"stderr":true,"stdout":" "},"type":"ws_msg"}
{"payload":{"local_timestamp":1712274646099,"message_id":143,"stderr":true,"stdout":" "},"type":"ws_msg"}
{"payload":{"local_timestamp":1712274646099,"message_id":144,"stderr":true,"stdout":"^"},"type":"ws_msg"}
{"payload":{"local_timestamp":1712274646099,"message_id":145,"stderr":true,"stdout":"^"},"type":"ws_msg"}
{"payload":{"local_timestamp":1712274646099,"message_id":146,"stderr":true,"stdout":"^"},"type":"ws_msg"}
{"payload":{"local_timestamp":1712274646099,"message_id":147,"stderr":true,"stdout":"^"},"type":"ws_msg"}
{"payload":{"local_timestamp":1712274646099,"message_id":148,"stderr":true,"stdout":"^"},"type":"ws_msg"}
{"payload":{"local_timestamp":1712274646099,"message_id":149,"stderr":true,"stdout":"^"},"type":"ws_msg"}
{"payload":{"local_timestamp":1712274646099,"message_id":150,"stderr":true,"stdout":"^"},"type":"ws_msg"}
{"payload":{"local_timestamp":1712274646099,"message_id":151,"stderr":true,"stdout":"^"},"type":"ws_msg"}
{"payload":{"local_timestamp":1712274646099,"message_id":152,"stderr":true,"stdout":"^"},"type":"ws_msg"}
{"payload":{"local_timestamp":1712274646099,"message_id":153,"stderr":true,"stdout":"^"},"type":"ws_msg"}
{"payload":{"local_timestamp":1712274646099,"message_id":154,"stderr":true,"stdout":"^"},"type":"ws_msg"}
{"payload":{"local_timestamp":1712274646099,"message_id":155,"stderr":true,"stdout":"^"},"type":"ws_msg"}
{"payload":{"local_timestamp":1712274646099,"message_id":156,"stderr":true,"stdout":"^"},"type":"ws_msg"}
{"payload":{"local_timestamp":1712274646099,"message_id":157,"stderr":true,"stdout":"^"},"type":"ws_msg"}
{"payload":{"local_timestamp":1712274646099,"message_id":158,"stderr":true,"stdout":"^"},"type":"ws_msg"}
{"payload":{"local_timestamp":1712274646099,"message_id":159,"stderr":true,"stdout":"^"},"type":"ws_msg"}
{"payload":{"local_timestamp":1712274646099,"message_id":160,"stderr":true,"stdout":"^"},"type":"ws_msg"}
{"payload":{"local_timestamp":1712274646099,"message_id":161,"stderr":true,"stdout":"^"},"type":"ws_msg"}
{"payload":{"local_timestamp":1712274646099,"message_id":162,"stderr":true,"stdout":"^"},"type":"ws_msg"}
{"payload":{"local_timestamp":1712274646099,"message_id":163,"stderr":true,"stdout":"^"},"type":"ws_msg"}
{"payload":{"local_timestamp":1712274646099,"message_id":164,"stderr":true,"stdout":"^"},"type":"ws_msg"}
{"payload":{"local_timestamp":1712274646100,"message_id":165,"stderr":true,"stdout":"^"},"type":"ws_msg"}
{"payload":{"local_timestamp":1712274646100,"message_id":166,"stderr":true,"stdout":"^"},"type":"ws_msg"}
{"payload":{"local_timestamp":1712274646100,"message_id":167,"stderr":true,"stdout":"^"},"type":"ws_msg"}
{"payload":{"local_timestamp":1712274646100,"message_id":168,"stderr":true,"stdout":"^"},"type":"ws_msg"}
{"payload":{"local_timestamp":1712274646101,"message_id":169,"stderr":true,"stdout":"^"},"type":"ws_msg"}
{"payload":{"local_timestamp":1712274646101,"message_id":170,"stderr":true,"stdout":"^"},"type":"ws_msg"}
{"payload":{"local_timestamp":1712274646101,"message_id":171,"stderr":true,"stdout":"^"},"type":"ws_msg"}
{"payload":{"local_timestamp":1712274646101,"message_id":172,"stderr":true,"stdout":"^"},"type":"ws_msg"}
{"payload":{"local_timestamp":1712274646101,"message_id":173,"stderr":true,"stdout":"^"},"type":"ws_msg"}
{"payload":{"local_timestamp":1712274646104,"message_id":174,"stderr":true,"stdout":"^"},"type":"ws_msg"}
{"payload":{"local_timestamp":1712274646104,"message_id":175,"stderr":true,"stdout":"^"},"type":"ws_msg"}
{"payload":{"local_timestamp":1712274646105,"message_id":176,"stderr":true,"stdout":"^"},"type":"ws_msg"}
{"payload":{"local_timestamp":1712274646105,"message_id":177,"stderr":true,"stdout":"\n"},"type":"ws_msg"}
{"payload":{"local_timestamp":1712274646105,"message_id":178,"stderr":true,"stdout":"  File \"e:\\image_recognition\\lecture7\\yolov5\\utils\\loggers\\comet\\__init__.py\", line 255, in check_dataset\n"},"type":"ws_msg"}
{"payload":{"local_timestamp":1712274646106,"message_id":179,"stderr":true,"stdout":"    "},"type":"ws_msg"}
{"payload":{"local_timestamp":1712274646106,"message_id":180,"stderr":true,"stdout":"COMET INFO: Couldn't find a Git repository in 'E:\\\\image_recognition\\\\lecture7' nor in any parent directory. Set `COMET_GIT_DIRECTORY` if your Git Repository is elsewhere.\n"},"type":"ws_msg"}
{"payload":{"local_timestamp":1712274646106,"message_id":181,"stderr":true,"stdout":"return check_dataset(data_file)"},"type":"ws_msg"}
{"payload":{"local_timestamp":1712274646108,"message_id":182,"stderr":true,"stdout":"\n"},"type":"ws_msg"}
{"payload":{"local_timestamp":1712274646108,"message_id":183,"stderr":true,"stdout":" "},"type":"ws_msg"}
{"payload":{"local_timestamp":1712274646108,"message_id":184,"stderr":true,"stdout":" "},"type":"ws_msg"}
{"payload":{"local_timestamp":1712274646108,"message_id":185,"stderr":true,"stdout":" "},"type":"ws_msg"}
{"payload":{"local_timestamp":1712274646108,"message_id":186,"stderr":true,"stdout":" "},"type":"ws_msg"}
{"payload":{"local_timestamp":1712274646108,"message_id":187,"stderr":true,"stdout":" "},"type":"ws_msg"}
{"payload":{"local_timestamp":1712274646108,"message_id":188,"stderr":true,"stdout":" "},"type":"ws_msg"}
{"payload":{"local_timestamp":1712274646108,"message_id":189,"stderr":true,"stdout":" "},"type":"ws_msg"}
{"payload":{"local_timestamp":1712274646108,"message_id":190,"stderr":true,"stdout":" "},"type":"ws_msg"}
{"payload":{"local_timestamp":1712274646109,"message_id":191,"stderr":true,"stdout":" "},"type":"ws_msg"}
{"payload":{"local_timestamp":1712274646109,"message_id":192,"stderr":true,"stdout":" "},"type":"ws_msg"}
{"payload":{"local_timestamp":1712274646109,"message_id":193,"stderr":true,"stdout":" "},"type":"ws_msg"}
{"payload":{"local_timestamp":1712274646109,"message_id":194,"stderr":true,"stdout":"^"},"type":"ws_msg"}
{"payload":{"local_timestamp":1712274646109,"message_id":195,"stderr":true,"stdout":"^"},"type":"ws_msg"}
{"payload":{"local_timestamp":1712274646109,"message_id":196,"stderr":true,"stdout":"^"},"type":"ws_msg"}
{"payload":{"local_timestamp":1712274646109,"message_id":197,"stderr":true,"stdout":"^"},"type":"ws_msg"}
{"payload":{"local_timestamp":1712274646109,"message_id":198,"stderr":true,"stdout":"^"},"type":"ws_msg"}
{"payload":{"local_timestamp":1712274646109,"message_id":199,"stderr":true,"stdout":"^"},"type":"ws_msg"}
{"payload":{"local_timestamp":1712274646110,"message_id":200,"stderr":true,"stdout":"^"},"type":"ws_msg"}
{"payload":{"local_timestamp":1712274646110,"message_id":201,"stderr":true,"stdout":"^"},"type":"ws_msg"}
{"payload":{"local_timestamp":1712274646110,"message_id":202,"stderr":true,"stdout":"^"},"type":"ws_msg"}
{"payload":{"local_timestamp":1712274646110,"message_id":203,"stderr":true,"stdout":"^"},"type":"ws_msg"}
{"payload":{"local_timestamp":1712274646110,"message_id":204,"stderr":true,"stdout":"^"},"type":"ws_msg"}
{"payload":{"local_timestamp":1712274646110,"message_id":205,"stderr":true,"stdout":"^"},"type":"ws_msg"}
{"payload":{"local_timestamp":1712274646110,"message_id":206,"stderr":true,"stdout":"^"},"type":"ws_msg"}
{"payload":{"local_timestamp":1712274646110,"message_id":207,"stderr":true,"stdout":"^"},"type":"ws_msg"}
{"payload":{"local_timestamp":1712274646110,"message_id":208,"stderr":true,"stdout":"^"},"type":"ws_msg"}
{"payload":{"local_timestamp":1712274646110,"message_id":209,"stderr":true,"stdout":"^"},"type":"ws_msg"}
{"payload":{"local_timestamp":1712274646110,"message_id":210,"stderr":true,"stdout":"^"},"type":"ws_msg"}
{"payload":{"local_timestamp":1712274646110,"message_id":211,"stderr":true,"stdout":"^"},"type":"ws_msg"}
{"payload":{"local_timestamp":1712274646111,"message_id":212,"stderr":true,"stdout":"^"},"type":"ws_msg"}
{"payload":{"local_timestamp":1712274646111,"message_id":213,"stderr":true,"stdout":"^"},"type":"ws_msg"}
{"payload":{"local_timestamp":1712274646111,"message_id":214,"stderr":true,"stdout":"^"},"type":"ws_msg"}
{"payload":{"local_timestamp":1712274646111,"message_id":215,"stderr":true,"stdout":"^"},"type":"ws_msg"}
{"payload":{"local_timestamp":1712274646111,"message_id":216,"stderr":true,"stdout":"^"},"type":"ws_msg"}
{"payload":{"local_timestamp":1712274646111,"message_id":217,"stderr":true,"stdout":"^"},"type":"ws_msg"}
{"payload":{"local_timestamp":1712274646111,"message_id":218,"stderr":true,"stdout":"\n"},"type":"ws_msg"}
{"payload":{"local_timestamp":1712274646111,"message_id":219,"stderr":true,"stdout":"  File \"e:\\image_recognition\\lecture7\\yolov5\\utils\\general.py\", line 561, in check_dataset\n"},"type":"ws_msg"}
{"payload":{"local_timestamp":1712274646112,"message_id":220,"stderr":true,"stdout":"    "},"type":"ws_msg"}
{"payload":{"local_timestamp":1712274646112,"message_id":221,"stderr":true,"stdout":"raise Exception(\"Dataset not found \u274c\")"},"type":"ws_msg"}
{"payload":{"local_timestamp":1712274646112,"message_id":222,"stderr":true,"stdout":"\n"},"type":"ws_msg"}
{"payload":{"local_timestamp":1712274646112,"message_id":223,"stderr":true,"stdout":"Exception"},"type":"ws_msg"}
{"payload":{"local_timestamp":1712274646112,"message_id":224,"stderr":true,"stdout":": "},"type":"ws_msg"}
{"payload":{"local_timestamp":1712274646112,"message_id":225,"stderr":true,"stdout":"Dataset not found \u274c"},"type":"ws_msg"}
{"payload":{"local_timestamp":1712274646113,"message_id":226,"stderr":true,"stdout":"\n"},"type":"ws_msg"}
{"payload":{"local_timestamp":1712274646113,"message_id":227,"stderr":true,"stdout":"COMET INFO: ---------------------------------------------------------------------------------------\n"},"type":"ws_msg"}
{"payload":{"local_timestamp":1712274646113,"message_id":228,"stderr":true,"stdout":"COMET INFO: Comet.ml OfflineExperiment Summary\n"},"type":"ws_msg"}
{"payload":{"local_timestamp":1712274646114,"message_id":229,"stderr":true,"stdout":"COMET INFO: ---------------------------------------------------------------------------------------\n"},"type":"ws_msg"}
{"payload":{"local_timestamp":1712274646114,"message_id":230,"stderr":true,"stdout":"COMET INFO:   Data:\n"},"type":"ws_msg"}
{"payload":{"local_timestamp":1712274646115,"message_id":231,"stderr":true,"stdout":"COMET INFO:     display_summary_level : 1\n"},"type":"ws_msg"}
{"payload":{"local_timestamp":1712274646115,"message_id":232,"stderr":true,"stdout":"COMET INFO:     url                   : [OfflineExperiment will get URL after upload]\n"},"type":"ws_msg"}
{"payload":{"local_timestamp":1712274646115,"message_id":233,"stderr":true,"stdout":"COMET INFO:   Others:\n"},"type":"ws_msg"}
{"payload":{"local_timestamp":1712274646115,"message_id":234,"stderr":true,"stdout":"COMET INFO:     Name               : exp\n"},"type":"ws_msg"}
{"payload":{"local_timestamp":1712274646116,"message_id":235,"stderr":true,"stdout":"COMET INFO:     offline_experiment : True\n"},"type":"ws_msg"}
{"payload":{"local_timestamp":1712274646116,"message_id":236,"stderr":true,"stdout":"COMET INFO:   Uploads:\n"},"type":"ws_msg"}
{"payload":{"local_timestamp":1712274646116,"message_id":237,"stderr":true,"stdout":"COMET INFO:     asset               : 1 (115 bytes)\n"},"type":"ws_msg"}
{"payload":{"local_timestamp":1712274646116,"message_id":238,"stderr":true,"stdout":"COMET INFO:     environment details : 1\n"},"type":"ws_msg"}
{"payload":{"local_timestamp":1712274646116,"message_id":239,"stderr":true,"stdout":"COMET INFO:     installed packages  : 1\n"},"type":"ws_msg"}
{"payload":{"local_timestamp":1712274646116,"message_id":240,"stderr":true,"stdout":"COMET INFO: \n"},"type":"ws_msg"}
{"payload":{"local_timestamp":1712274646423,"message_id":241,"metric":{"epoch":null,"metricName":"sys.cpu.percent.avg","metricValue":0.0,"step":null}},"type":"metric_msg"}
{"payload":{"local_timestamp":1712274646423,"message_id":242,"metric":{"epoch":null,"metricName":"sys.ram.total","metricValue":33962835968,"step":null}},"type":"metric_msg"}
{"payload":{"local_timestamp":1712274646423,"message_id":243,"metric":{"epoch":null,"metricName":"sys.ram.used","metricValue":16896659456,"step":null}},"type":"metric_msg"}
{"payload":{"local_timestamp":1712274646423,"message_id":244,"metric":{"epoch":null,"metricName":"sys.ram.available","metricValue":17066176512,"step":null}},"type":"metric_msg"}
{"payload":{"local_timestamp":1712274646423,"message_id":245,"metric":{"epoch":null,"metricName":"sys.ram.percent.used","metricValue":49.8,"step":null}},"type":"metric_msg"}
{"payload":{"local_timestamp":1712274646423,"message_id":246,"metric":{"epoch":null,"metricName":"sys.load.avg","metricValue":0.0,"step":null}},"type":"metric_msg"}
